{
    "monolayer_17_microns": {
        "OCV [V]": [
            3.621560018178841,
            3.6229118029411365,
            3.6657278211215507,
            3.666774555074636,
            3.7045651160702247,
            3.7054549112369175,
            3.737331367756006,
            3.7378255240682075,
            3.768714668323144,
            3.7693507589594786,
            3.8137058778558295,
            3.815089505533486,
            3.8857812784249113,
            3.8888559124200586,
            3.976965800763847,
            3.980530058887571,
            4.072604760517541,
            4.077257864308728,
            4.175348707141178,
            4.1810006718769746
        ],
        "indices": [
            1,
            2,
            3,
            4,
            5,
            6,
            7,
            8,
            9,
            10,
            11,
            12,
            13,
            14,
            15,
            16,
            17,
            18,
            19,
            20
        ],
        "Positive electrode SOC [-]": [
            0.8836622861764264,
            0.8833279812900964,
            0.798401424935284,
            0.7980829975007507,
            0.7131503803880486,
            0.7125810964697968,
            0.6274723181163105,
            0.6266905932570239,
            0.5408726363053408,
            0.5399036578572781,
            0.4539747255530346,
            0.4529617979498503,
            0.3666998205688586,
            0.36555549712711716,
            0.27922773039078513,
            0.27824869952955245,
            0.19226394547893982,
            0.19140665836093645,
            0.10570026261756424,
            0.10488193039919773
        ]
    },
    "porous_42_microns": {
        "OCV [V]": [
            3.6140400778604542,
            3.615398884268486,
            3.659232562543624,
            3.6603427657700145,
            3.699105976193917,
            3.7002533400009763,
            3.7322753163854476,
            3.733288825392477,
            3.763783921574187,
            3.765012568487434,
            3.809369764543145,
            3.811459509343397,
            3.888241368563032,
            3.8914558377798354,
            3.990111291865414,
            3.993251389713217,
            4.099423500461939,
            4.102722801182583,
            4.2179125214030915,
            4.222934209922096
        ],
        "indices": [
            1,
            2,
            3,
            4,
            5,
            6,
            7,
            8,
            9,
            10,
            11,
            12,
            13,
            14,
            15,
            16,
            17,
            18,
            19,
            20
        ],
        "Positive electrode SOC [-]": [
            0.8875533527990672,
            0.8874754860987171,
            0.800662386066443,
            0.800582521914536,
            0.7138308923161695,
            0.7137399964335671,
            0.6270006758762934,
            0.626906005749099,
            0.5401145004157025,
            0.5400513123486737,
            0.4532353062883149,
            0.4531567155282638,
            0.3663989172497242,
            0.36630981739505175,
            0.2795531848192701,
            0.2794621301857168,
            0.19270148762859085,
            0.1926062254093886,
            0.10589332726948768,
            0.10579895330888094
        ]
    },
    "porous_80_microns": {
        "OCV [V]": [
            3.614923365081911,
            3.6162500869813106,
            3.660039936115718,
            3.6614331343070217,
            3.7000277586677313,
            3.701447494832104,
            3.733290779545403,
            3.7344457996195923,
            3.765297953270821,
            3.7666232170142795,
            3.812421802633573,
            3.8148323576358227,
            3.8939963654383987,
            3.8976954739936573,
            3.998060214097357,
            4.001197693185197,
            4.109576273650417,
            4.1132705356666515,
            4.231066838410738,
            4.235770481713148
        ],
        "indices": [
            1,
            2,
            3,
            4,
            5,
            6,
            7,
            8,
            9,
            10,
            11,
            12,
            13,
            14,
            15,
            16,
            17,
            18,
            19,
            20
        ],
        "Positive electrode SOC [-]": [
            0.8860897422198584,
            0.8859966464294188,
            0.7993479343820302,
            0.7992638834665555,
            0.7126291600267622,
            0.7125459592508565,
            0.6259218772073403,
            0.6258408323725033,
            0.5392102273559071,
            0.5391244837733075,
            0.4524919173737113,
            0.45240559769927735,
            0.3657868220295677,
            0.3657098738581964,
            0.2790871116415675,
            0.2790092976571204,
            0.1923878300091847,
            0.19231396005310936,
            0.10570635952524471,
            0.10564100567049725
        ]
    },
    "18650_LG_3500_MJ1_EIS_anode_discharge": {
        "indices": [
            1,
            2,
            3,
            4,
            5,
            6,
            7,
            8,
            9,
            10,
            15,
            20,
            25,
            30,
            35,
            40,
            45,
            50,
            55,
            60,
            65,
            70,
            75,
            80,
            85,
            90,
            91,
            92,
            93,
            94,
            95,
            96,
            97,
            98,
            99,
            0
        ],
        "Negative electrode SOC [-]": [
            0.009972618970932351,
            0.019940387371970805,
            0.029908155773009256,
            0.039875924174047714,
            0.04984369257508616,
            0.059811460976124615,
            0.06977922937716308,
            0.07974699777820153,
            0.08971476617923997,
            0.09968253458027843,
            0.14952137658547068,
            0.19936021859066297,
            0.24919906059585523,
            0.2990379026010475,
            0.34887674460623974,
            0.398715586611432,
            0.4485544286166243,
            0.49839327062181654,
            0.5482321126270089,
            0.5980709546322011,
            0.6479097966373935,
            0.6977486386425856,
            0.7475874806477779,
            0.7974263226529702,
            0.8472651646581624,
            0.8971040066633547,
            0.9070717750643932,
            0.9170395434654317,
            0.9270073118664701,
            0.9369750802675084,
            0.9469428486685469,
            0.9569106170695854,
            0.9668783854706239,
            0.9768461538716623,
            0.9868139222727007,
            0.9967816922727007
        ]
    }
}